station_code,prefecture,name,official_name,city,registration_no,designated_year,website_url,latitude,longitude
01123,北海道,道の駅ほっと♡はぼろ,ほっと♡はぼろ,苫前郡羽幌町,第14回,1998,http://www.hokkaido-michinoeki.jp/michinoeki/1747/,,
01124,北海道,道の駅つど～る・プラザ・さわら,つど～る・プラザ・さわら,茅部郡森町,第15回,1999,http://www.hokkaido-michinoeki.jp/michinoeki/2200/,,
01125,北海道,道の駅縄文ロマン 南かやべ,縄文ロマン　南かやべ,函館市,第36回,2011,http://www.hokkaido-michinoeki.jp/michinoeki/3114/,,
01126,北海道,道の駅あびら D51ステーション,あびら D51ステーション,勇払郡安平町,第50回,2019,http://www.hokkaido-michinoeki.jp/michinoeki/19505/,,
01127,北海道,道の駅北オホーツクはまとんべつ,北オホーツクはまとんべつ,枝幸郡浜頓別町,第50回,2019,http://www.hokkaido-michinoeki.jp/michinoeki/19522/,,
01128,北海道,道の駅遠軽 森のオホーツク,遠軽 森のオホーツク,紋別郡遠軽町,第51回,2019,http://www.hokkaido-michinoeki.jp/michinoeki/22139/,,
01129,北海道,道の駅かみしほろ,かみしほろ,河東郡上士幌町,第52回,2020,http://www.hokkaido-michinoeki.jp/michinoeki/23227/,,
01130,北海道,道の駅るもい,るもい,留萌市,第52回,2020,http://www.hokkaido-michinoeki.jp/michinoeki/23225/,,
01131,北海道,道の駅ガーデンスパ十勝川温泉,ガーデンスパ十勝川温泉,河東郡音更町,第53回,2020,http://www.hokkaido-michinoeki.jp/michinoeki/26870/,,
01132,北海道,道の駅羊のまち 侍・しべつ,羊のまち 侍・しべつ,士別市,第54回,2021,https://hokkaido-michinoeki.jp/michinoeki/33477/,,
01133,北海道,道の駅２７５つきがた,２７５つきがた,樺戸郡月形町,第61回,2024,https://hokkaido-michinoeki.jp/michinoeki/53300/,,
01134,北海道,道の駅ふるびらたらこミュージアム,ふるびらたらこミュージアム,古平郡古平町,第62回,2025,https://hokkaido-michinoeki.jp/michinoeki/55776/,,
03034,岩手県,道の駅はなまき西南,はなまき西南,花巻市,第52回,2020,https://www.michi-no-eki.jp/stations/views/19944,,
03035,岩手県,道の駅青の国ふだい,青の国ふだい,下閉伊郡普代村,第54回,2021,https://www.michi-no-eki.jp/stations/views/19963,,
03036,岩手県,道の駅いわて北三陸,いわて北三陸,久慈市,第57回,2022,https://www.michi-no-eki.jp/stations/views/21974,,
03037,岩手県,道の駅だいとう,だいとう,一関市,第62回,2025,https://www.michi-no-eki.jp/stations/views/22682,,
03038,岩手県,道の駅ふなこし,ふなこし,下閉伊郡山田町,第62回,2025,https://www.michi-no-eki.jp/stations/views/22684,,
03039,岩手県,道の駅もりおか渋民,もりおか渋民,盛岡市,第62回,2025,https://www.michi-no-eki.jp/stations/views/22683,,
04014,宮城県,道の駅おおさき,おおさき,大崎市,第50回,2019,https://www.michi-no-eki.jp/stations/views/19935,,
04015,宮城県,道の駅かくだ,かくだ,角田市,第50回,2019,https://www.michi-no-eki.jp/stations/views/19929,,
04016,宮城県,道の駅おながわ,おながわ,牡鹿郡女川町,第54回,2021,https://www.michi-no-eki.jp/stations/views/19965,,
04017,宮城県,道の駅さんさん南三陸,さんさん南三陸,本吉郡南三陸町,第54回,2021,https://www.michi-no-eki.jp/stations/views/19966,,
04018,宮城県,道の駅硯上の里おがつ,硯上の里おがつ,石巻市,第54回,2021,https://www.michi-no-eki.jp/stations/views/19964,,
04019,宮城県,道の駅東松島,東松島,東松島市,第61回,2024,https://www.michi-no-eki.jp/stations/views/22523,,
05034,秋田県,道の駅清水の里・鳥海郷,清水の里・鳥海郷,由利本荘市,第20回,2004,https://www.michi-no-eki.jp/stations/views/18991,,
05035,秋田県,道の駅十和田湖,十和田湖,鹿角郡小坂町,第60回,2024,https://www.michi-no-eki.jp/stations/views/22370,,
06022,山形県,道の駅鳥海,鳥海,飽海郡遊佐町,第12回,1997,https://www.michi-no-eki.jp/stations/views/19007,,
06023,山形県,道の駅もがみ,もがみ,最上町,第59回,2023,https://www.michi-no-eki.jp/stations/views/22267,,
06024,山形県,道の駅やまがた蔵王,やまがた蔵王,山形市,第59回,2023,https://www.michi-no-eki.jp/stations/views/22266,,
06025,山形県,道の駅新庄エコロジーガーデン原蚕の杜,新庄エコロジーガーデン原蚕の杜,新庄市,第62回,2025,https://www.michi-no-eki.jp/stations/views/22685,,
07034,福島県,道の駅なみえ,なみえ,双葉郡浪江町,第52回,2020,https://www.michi-no-eki.jp/stations/views/19945,,
07035,福島県,道の駅ふくしま,ふくしま,福島市,第55回,2021,https://www.michi-no-eki.jp/stations/views/19971,,
07036,福島県,道の駅いわき・ら・ら・ミュウ,いわき・ら・ら・ミュウ,いわき市,第62回,2025,https://www.michi-no-eki.jp/stations/views/22686,,
07037,福島県,道の駅石川,石川,石川町,第64回,2025,,,
08014,茨城県,道の駅グランテラス筑西,グランテラス筑西,筑西市,第51回,2019,http://www.ktr.mlit.go.jp/road/chiiki/road_chiiki00000337.html,,
08015,茨城県,道の駅かさま,かさま,笠間市,第55回,2021,https://www.ktr.mlit.go.jp/road/chiiki/road_chiiki00000034.html,,
08016,茨城県,道の駅常総,常総,常総市,第57回,2022,https://www.ktr.mlit.go.jp/road/chiiki/road_chiiki00000356.html,,
09025,栃木県,道の駅たかねざわ 元気あっぷむら,たかねざわ　元気あっぷむら,塩谷郡高根沢町,第51回,2019,https://www.ktr.mlit.go.jp/road/chiiki/road_chiiki00000033.html,,
10033,群馬県,道の駅まえばし赤城,まえばし赤城,前橋市,第57回,2022,https://www.ktr.mlit.go.jp/road/chiiki/road_chiiki00000355.html,,
11021,埼玉県,道の駅べに花の郷おけがわ,べに花の郷おけがわ,桶川市,第61回,2024,,,
12030,千葉県,道の駅グリーンファーム館山,グリーンファーム館山,館山市,第59回,2023,https://www.ktr.mlit.go.jp/road/chiiki/road_chiiki00000361.html,,
14004,神奈川県,道の駅足柄・金太郎のふるさと,足柄・金太郎のふるさと,南足柄市,第52回,2020,https://www.ktr.mlit.go.jp/road/chiiki/road_chiiki00000237.html,,
14005,神奈川県,道の駅湘南ちがさき,湘南ちがさき,茅ヶ崎市,第62回,2025,,,
15040,新潟県,道の駅ちぢみの里おぢや,ちぢみの里おぢや,小千谷市,第5回,1994,https://www.hokuriku-michinoeki.jp/contents/station/?sta=000009,,
15041,新潟県,道の駅あいぽーと佐渡,あいぽーと佐渡,佐渡市,第15回,1999,https://www.hokuriku-michinoeki.jp/contents/station/?sta=000025,,
15042,新潟県,道の駅たがみ,たがみ,南蒲原郡田上町,第52回,2020,https://www.hokuriku-michinoeki.jp/contents/station/?sta=000081,,
15043,新潟県,道の駅ながおか花火館,ながおか花火館,長岡市,第52回,2020,https://www.hokuriku-michinoeki.jp/contents/station/?sta=000082,,
15044,新潟県,道の駅あがの,あがの,阿賀野市,第56回,2022,https://www.hokuriku-michinoeki.jp/contents/station/?sta=000084,,
16016,富山県,道の駅KOKOくろべ,KOKOくろべ,黒部市,第55回,2021,https://www.hokuriku-michinoeki.jp/contents/station/?sta=000083,,
18016,福井県,道の駅恐竜渓谷かつやま,恐竜渓谷かつやま,勝山市,第52回,2020,https://www.kkr.mlit.go.jp/road/michi_no_eki/contents/fukui/kyouryukeikokukatsuyama.html,,
18017,福井県,道の駅南えちぜん山海里,南えちぜん山海里,南条郡南越前町,第54回,2021,https://www.kkr.mlit.go.jp/road/michi_no_eki/contents/fukui/minamiechizensankairi.html,,
18018,福井県,道の駅越前おおの荒島の郷,越前おおの荒島の郷,大野市,第54回,2021,https://www.kkr.mlit.go.jp/road/michi_no_eki/contents/fukui/echizenonoarashimanosato.html,,
18019,福井県,道の駅越前たけふ,越前たけふ,越前市,第57回,2022,,,
18020,福井県,道の駅若狭美浜はまびより,若狭美浜はまびより,三方郡美浜町,第58回,2023,,,
18021,福井県,道の駅蓮如の里あわら,蓮如の里あわら,あわら市,第58回,2023,,,
19022,山梨県,道の駅にしじま和紙の里かみすきパーク,にしじま和紙の里かみすきパーク,南巨摩郡身延町,第61回,2024,,,
20051,長野県,道の駅野沢温泉,野沢温泉,下高井郡野沢温泉村,第51回,2019,https://www.ktr.mlit.go.jp/road/chiiki/road_chiiki00000340.html,,
20052,長野県,道の駅ビーナスライン蓼科湖,ビーナスライン蓼科湖,茅野市,第52回,2020,https://www.ktr.mlit.go.jp/road/chiiki/road_chiiki00000352.html,,
20053,長野県,道の駅和田宿ステーション,和田宿ステーション,小県郡長和町,第58回,2023,https://www.ktr.mlit.go.jp/road/chiiki/road_chiiki00000358.html,,
20054,長野県,道の駅八千穂高原,八千穂高原,南佐久郡佐久穂町,第60回,2024,,,
21057,岐阜県,道の駅白川郷,白川郷,大野郡白川村,第8回,1995,https://www.cbr.mlit.go.jp/michinoeki/gifu/gifu12.html,,
22025,静岡県,道の駅伊豆月ケ瀬,伊豆月ケ瀬,伊豆市,第51回,2019,https://www.cbr.mlit.go.jp/michinoeki/shizuoka/shizuoka25.html,,
22026,静岡県,道の駅そらっと牧之原,そらっと牧之原,牧之原,第62回,2025,,,
22027,静岡県,道の駅ゆとりえせとや,ゆとりえせとや,藤枝市,第64回,2025,,,
23017,愛知県,道の駅とよはし,とよはし,豊橋市,第50回,2019,https://www.cbr.mlit.go.jp/michinoeki/aichi/aichi17.html,,
23018,愛知県,道の駅したら,したら,北設楽郡設楽町,第53回,2020,https://www.cbr.mlit.go.jp/michinoeki/aichi/aichi18.html,,
23019,愛知県,道の駅マチテラス日進,マチテラス日進,日進市,第61回,2024,,,
26020,京都府,道の駅京都新光悦村,京都新光悦村,南丹市,第18回,2002,https://www.kkr.mlit.go.jp/road/michi_no_eki/contents/kyoto/shinkoetsu.html,,
26021,京都府,道の駅丹後王国「食のみやこ」,丹後王国「食のみやこ」,京丹後市,第19回,2003,https://www.kkr.mlit.go.jp/road/michi_no_eki/contents/kyoto/tangooukoku.html,,
26022,京都府,道の駅美山ふれあい広場,美山ふれあい広場,南丹市,第21回,2005,https://www.kkr.mlit.go.jp/road/michi_no_eki/contents/kyoto/miyamafureaihiroba.html,,
28037,兵庫県,道の駅よかわ,よかわ,三木市,第61回,2024,,,
29016,奈良県,道の駅なら歴史芸術文化村,なら歴史芸術文化村,天理市,第55回,2021,https://www.kkr.mlit.go.jp/road/michi_no_eki/contents/nara/NaraPrefectureHistoricalandArtisticCultureComplex.html,,
29017,奈良県,道の駅クロスウェイなかまち,クロスウェイなかまち,奈良県,第59回,2023,,,
29018,奈良県,道の駅きなりの郷下北山,きなりの郷下北山,吉野郡下北山村,第63回,2025,,,
30035,和歌山県,道の駅四季の郷公園,四季の郷公園,和歌山市,第52回,2020,https://www-1.kkr.mlit.go.jp/road/michi_no_eki/contents/wakayama/Shikinosatokouen.html,,
30036,和歌山県,道の駅海南サクアス,海南サクアス,海南市,第58回,2023,,,
31016,鳥取県,道の駅ほうじょう,ほうじょう,東伯郡北栄町,第3回,1993,https://www.cgr.mlit.go.jp/douro/Michi-no-Eki/single.html?name=%E3%81%BB%E3%81%86%E3%81%98%E3%82%87%E3%81%86%EF%BC%88%E6%97%A7%E5%8C%97%E6%9D%A1%E5%85%AC%E5%9C%92%EF%BC%89,,
31017,鳥取県,道の駅琴の浦,琴の浦,東伯郡琴浦町,第46回,2016,https://www.cgr.mlit.go.jp/douro/Michi-no-Eki/single.html?name=%E7%90%B4%E3%81%AE%E6%B5%A6,,
31018,鳥取県,道の駅西いなば 気楽里,西いなば 気楽里,鳥取市,第50回,2019,https://www.cgr.mlit.go.jp/douro/Michi-no-Eki/single.html?name=%E8%A5%BF%E3%81%84%E3%81%AA%E3%81%B0%E6%B0%97%E6%A5%BD%E9%87%8C,,
32029,島根県,道の駅ごいせ仁摩,ごいせ仁摩,大田市,第53回,2020,https://www.cgr.mlit.go.jp/douro/Michi-no-Eki/single.html?name=%E3%81%94%E3%81%84%E3%81%9B%E4%BB%81%E6%91%A9,,
33017,岡山県,道の駅山陽道やかげ宿,山陽道やかげ宿,小田郡矢掛町,第53回,2020,https://www.cgr.mlit.go.jp/douro/Michi-no-Eki/single.html?name=%E5%B1%B1%E9%99%BD%E9%81%93%E3%82%84%E3%81%8B%E3%81%92%E5%AE%BF,,
34020,広島県,道の駅三矢の里あきたかた,三矢の里あきたかた,安芸高田市,第52回,2020,https://www.cgr.mlit.go.jp/douro/Michi-no-Eki/single.html?name=%E4%B8%89%E7%9F%A2%E3%81%AE%E9%87%8C%E3%81%82%E3%81%8D%E3%81%9F%E3%81%8B%E3%81%9F,,
34021,広島県,道の駅西条のん太の酒蔵,西条のん太の酒蔵,東広島市,第56回,2022,https://www.cgr.mlit.go.jp/douro/Michi-no-Eki/single.html?name=%E8%A5%BF%E6%9D%A1%E3%81%AE%E3%82%93%E5%A4%AA%E3%81%AE%E9%85%92%E8%94%B5,,
36017,徳島県,道の駅いたの,いたの,板野郡板野町,第53回,2020,https://www.skr.mlit.go.jp/road/rstation/eki/to17_itano.html,,
36018,徳島県,道の駅くるくる なると,くるくる なると,鳴門市,第55回,2021,https://www.skr.mlit.go.jp/road/rstation/eki/to18_naruto.html,,
37019,香川県,道の駅瀬戸大橋記念公園,瀬戸大橋記念公園,坂出市,第4回,1994,https://www.skr.mlit.go.jp/road/rstation/eki/ka01_setooohashi.html,,
37020,香川県,道の駅小豆島オリーブ公園,小豆島オリーブ公園,小豆郡小豆島町,第11回,1996,https://www.skr.mlit.go.jp/road/rstation/eki/ka05_olive.html,,
39025,高知県,道の駅まきのさんの道の駅・佐川,まきのさんの道の駅・佐川,高岡郡佐川町,第58回,2023,https://www.skr.mlit.go.jp/road/rstation/eki/ko25_sakawa.html,,
39026,高知県,道の駅東洋町,東洋町,安芸郡東洋町,第61回,2024,https://www.skr.mlit.go.jp/road/rstation/eki/ko26_toyotown.html,,
40017,福岡県,道の駅筑前みなみの里,筑前みなみの里,朝倉郡筑前町,第51回,2019,http://www.qsr.mlit.go.jp/n-michi/michi_no_eki/kobetu/chikuzen/chikuzen.html,,
41010,佐賀県,道の駅うれしの まるく,うれしの まるく,嬉野市,第56回,2022,http://www.qsr.mlit.go.jp/n-michi/michi_no_eki/kobetu/ureshino/ureshino.html,,
41011,佐賀県,道の駅かみみね,かみみね,三養基郡上峰町,第61回,2024,http://www.qsr.mlit.go.jp/n-michi/michi_no_eki/kobetu/kamimine/kamimine.html,,
42012,長崎県,道の駅２５１いいもりじゃがーロード,２５１いいもりじゃがーロード,諫早市,第62回,2025,http://www.qsr.mlit.go.jp/n-michi/michi_no_eki/kobetu/iimori/iimori.html,,
43031,熊本県,道の駅﨑津,﨑津,天草市,第49回,2018,http://www.qsr.mlit.go.jp/n-michi/michi_no_eki/kobetu/sakitsu/sakitsu.html,,
43032,熊本県,道の駅人吉,人吉,人吉市,第50回,2019,http://www.qsr.mlit.go.jp/n-michi/michi_no_eki/kobetu/hitoyoshi/hitoyoshi.html,,
43033,熊本県,道の駅天草市イルカセンター,天草市イルカセンター,天草市,第50回,2019,http://www.qsr.mlit.go.jp/n-michi/michi_no_eki/kobetu/amakusairuka/amakusairuka.html,,
43034,熊本県,道の駅宮地岳かかしの里,宮地岳かかしの里,天草市,第52回,2020,http://www.qsr.mlit.go.jp/n-michi/michi_no_eki/kobetu/miyajidake/miyajidake.html,,
43035,熊本県,道の駅東陽,東陽,八代市,第53回,2020,http://www.qsr.mlit.go.jp/n-michi/michi_no_eki/kobetu/touyou/touyou.html,,
43036,熊本県,道の駅秘境の郷いずみ,秘境の郷いずみ,八代市,第60回,2024,https://www.qsr.mlit.go.jp/n-michi/michi_no_eki/kobetu/izumi/izumi.html,,
43037,熊本県,道の駅ウェルネスあらお,ウェルネスあらお,荒尾市,第63回,2025,,,
44025,大分県,道の駅のつはる,のつはる,大分市,第50回,2019,http://www.qsr.mlit.go.jp/n-michi/michi_no_eki/kobetu/notsuharu/notsuharu.html,,
44026,大分県,道の駅たのうらら,たのうらら,大分市,第59回,2023,http://www.qsr.mlit.go.jp/n-michi/michi_no_eki/kobetu/tanoura/tanoura.html,,
45018,宮崎県,道の駅くしま,くしま,串間市,第53回,2020,http://www.qsr.mlit.go.jp/n-michi/michi_no_eki/kobetu/kushima/kushima.html,,
45019,宮崎県,道の駅きたごう,きたごう,日南市,第58回,2023,http://www.qsr.mlit.go.jp/n-michi/michi_no_eki/kobetu/kitagou/kitagou.html,,
46023,鹿児島県,道の駅奄美大島住用,奄美大島住用,奄美市,第16回,2000,http://www.qsr.mlit.go.jp/n-michi/michi_no_eki/kobetu/amami/amami.html,,
46024,鹿児島県,道の駅とくのしま,とくのしま,大島郡徳之島町,第60回,2024,http://www.qsr.mlit.go.jp/n-michi/michi_no_eki/kobetu/tokunosima/tokunosima.html,,
47009,沖縄県,道の駅サンライズひがし,サンライズひがし,国頭郡東村,第52回,2020,http://www.dc.ogb.go.jp/road/Michi-no-Eki/higashi.htm,,
47010,沖縄県,道の駅やんばるパイナップルの丘安波,やんばるパイナップルの丘安波,国頭郡国頭村,第55回,2021,http://www.dc.ogb.go.jp/road/Michi-no-Eki/aha.htm,,
